{
  "schemes" : [
    "http"
  ],
  "swagger" : "2.0",
  "info" : {
    "version" : "1.0",
    "title" : "Kitura Project",
    "description" : "Generated by Kitura"
  },
  "paths" : {
    "\/entries" : {
      "get" : {
        "responses" : {
          "200" : {
            "schema" : {
              "type" : "array",
              "items" : {
                "$ref" : "#\/definitions\/JournalEntry"
              }
            },
            "description" : "successful response"
          }
        },
        "consumes" : [
          "application\/json"
        ],
        "produces" : [
          "application\/json"
        ]
      },
      "post" : {
        "consumes" : [
          "application\/json"
        ],
        "produces" : [
          "application\/json"
        ],
        "responses" : {
          "200" : {
            "schema" : {
              "$ref" : "#\/definitions\/JournalEntry"
            },
            "description" : "successful response"
          }
        },
        "parameters" : [
          {
            "in" : "body",
            "name" : "input",
            "required" : true,
            "schema" : {
              "$ref" : "#\/definitions\/JournalEntry"
            }
          }
        ]
      }
    },
    "\/health" : {
      "get" : {
        "responses" : {
          "200" : {
            "schema" : {
              "$ref" : "#\/definitions\/Status"
            },
            "description" : "successful response"
          }
        },
        "consumes" : [
          "application\/json"
        ],
        "produces" : [
          "application\/json"
        ]
      }
    },
    "\/entries\/{id}" : {
      "delete" : {
        "consumes" : [
          "application\/json"
        ],
        "produces" : [
          "application\/json"
        ],
        "responses" : {
          "200" : {
            "description" : "successful response"
          }
        },
        "parameters" : [
          {
            "in" : "path",
            "name" : "id",
            "required" : true,
            "type" : "string"
          }
        ]
      }
    }
  },
  "basePath" : "\/",
  "definitions": {
    "Status": {
      "type": "object",
      "required": ["status","details","timestamp"],
      "properties": {
        "status": {"type":"string"},
        "details": {"items":{"type":"string"},"type":"array"},
        "timestamp": {"type":"string"}
      }
    },
    "JournalEntry": {
      "type": "object",
      "required": ["date","emoji"],
      "properties": {
        "id": {"type":"string"},
        "emoji": {"type":"string"},
        "date": {"type":"number"}
      }
    }
  }
}
